{
    "values": [
        "activator_rail",
        "blast_furnace",
        "bucket",
        "chain",
        "compass",
        "crossbow",
        "detector_rail",
        "flint_and_steel",
        "heavy_weighted_pressure_plate",
        "iron_bars",
        "iron_door",
        "iron_trapdoor",
        "lantern",
        "piston",
        "rail",
        "shears",
        "shield",
        "smithing_table",
        "soul_lantern",
        "sticky_piston",
        "stonecutter",
        "tripwire_hook",
        {
            "id":"recovery_compass",
            "required": false
        },
        {
            "id":"#hanging_signs",
            "required": false
        }
    ]
}