{
    "criteria": {
        "construct_quarry": {
            "trigger": "minecraft:item_used_on_block",
            "conditions": {
                "item": {
                    "items": [
                        "minecraft:jigsaw"
                    ],
                    "nbt": "{tags:[\"vq_wrench\"]}"
                },
                "location": {
                    "block": {
                        "blocks": [
                            "minecraft:dropper"
                        ],
                        "nbt": "{Items:[{Slot:0b,id:\"minecraft:furnace_minecart\"},{Slot:1b,id:\"minecraft:iron_block\"},{Slot:2b,id:\"minecraft:furnace_minecart\"},{Slot:3b,id:\"minecraft:powered_rail\"},{Slot:4b,id:\"minecraft:redstone_block\"},{Slot:5b,id:\"minecraft:powered_rail\"},{Slot:6b,id:\"minecraft:jigsaw\",tag:{tags:[s1]}},{Slot:7b,id:\"minecraft:redstone_block\"},{Slot:8b,id:\"minecraft:jigsaw\",tag:{tags:[s1]}}]}"
                    }
                }
            }
        }
    },
    "rewards": {
        "function": "quarry:crafting_results/s2_upgrade"
    }
}
