{
    "parent": "minecraft:recipes/root",
    "rewards": {
        "recipes": [
          "dnv.recyclecraft:blasting_iron_nugget",
          "dnv.recyclecraft:smelting_iron_nugget"
        ]
      },
    "criteria": {
        "has_the_ingredient": {
            "trigger": "minecraft:inventory_changed",
            "conditions": {
                "items": [{
                    "tag": "dnv.recyclecraft:smeltable_to_iron_nugget"
                }]
            }
        },
        "has_the_recipe": {
            "trigger": "minecraft:recipe_unlocked",
            "conditions": {
                "recipe": "dnv.recyclecraft:blasting_iron_nugget"
            }
        },
        "has_the_recipe2": {
            "trigger": "minecraft:recipe_unlocked",
            "conditions": {
                "recipe": "dnv.recyclecraft:smelting_iron_nugget"
            }
        }
    },
    "requirements": [
        [
          "has_the_ingredient",
          "has_the_recipe",
          "has_the_recipe2"
        ]
    ]
}