{
    "parent": "minecraft:recipes/root",
    "rewards": {
        "recipes": [
          "dnv.recyclecraft:blasting_netherite_scrap",
          "dnv.recyclecraft:smelting_netherite_scrap"
        ]
      },
    "criteria": {
        "has_the_ingredient": {
            "trigger": "minecraft:inventory_changed",
            "conditions": {
                "items": [{
                    "tag": "dnv.recyclecraft:smeltable_to_netherite_scrap"
                }]
            }
        },
        "has_the_recipe": {
            "trigger": "minecraft:recipe_unlocked",
            "conditions": {
                "recipe": "dnv.recyclecraft:blasting_netherite_scrap"
            }
        },
        "has_the_recipe2": {
            "trigger": "minecraft:recipe_unlocked",
            "conditions": {
                "recipe": "dnv.recyclecraft:smelting_netherite_scrap"
            }
        }
    },
    "requirements": [
        [
          "has_the_ingredient",
          "has_the_recipe",
          "has_the_recipe2"
        ]
    ]
}