{
    "parent": "minecraft:block/jigsaw",
    "overrides": [
        { "predicate": { "custom_model_data": 10001}, "model": "item/img/quarry_guide_recp" },
        { "predicate": { "custom_model_data": 19001}, "model": "item/quarry_parts/quarry_frame_1_straight" },
        { "predicate": { "custom_model_data": 19002}, "model": "item/quarry_parts/quarry_frame_2_straight" },
        { "predicate": { "custom_model_data": 19003}, "model": "item/quarry_parts/quarry_frame_3_straight" },
        { "predicate": { "custom_model_data": 19004}, "model": "item/quarry_parts/quarry_frame_corner" },
        { "predicate": { "custom_model_data": 19005}, "model": "item/quarry_parts/quarry_frame_corner_big" },
        { "predicate": { "custom_model_data": 19006}, "model": "item/quarry_parts/quarry_frame_t" },
        { "predicate": { "custom_model_data": 25501}, "model": "item/quarry_parts/quarry_laser" },
        { "predicate": { "custom_model_data": 25502}, "model": "item/quarry_parts/quarry_laser_rail" },
        { "predicate": { "custom_model_data": 38001}, "model": "item/upgrades/s1" },
        { "predicate": { "custom_model_data": 38002}, "model": "item/upgrades/s2" },
        { "predicate": { "custom_model_data": 38003}, "model": "item/upgrades/s3" },
        { "predicate": { "custom_model_data": 38004}, "model": "item/upgrades/s4" },
        { "predicate": { "custom_model_data": 39001}, "model": "item/upgrades/5x5" },
        { "predicate": { "custom_model_data": 39002}, "model": "item/upgrades/7x7" },
        { "predicate": { "custom_model_data": 39003}, "model": "item/upgrades/9x9" },
        { "predicate": { "custom_model_data": 39004}, "model": "item/upgrades/11x11" },
        { "predicate": { "custom_model_data": 49999}, "model": "item/tools/wrench" }
    ]
        
}
