{
    "display": {
        "icon": {
            "item": "minecraft:jigsaw",
            "nbt": "{CustomModelData:10001}"
        },
        "title": {
            "text": "Craft your guide"
        },
        "description": {
            "text": "Craft the Vanilla Quarry guidebook \"Quarry 101\""
        },
        "background": "minecraft:textures/block/furnace_top.png",
        "frame": "task",
        "show_toast": true,
        "announce_to_chat": false
    },
    "parent": "quarry:visible_advancements/root",
    "criteria": {
        "requirement": {
            "trigger": "minecraft:recipe_unlocked",
            "conditions": {
                "recipe": "quarry:quarry_guide"
            }
        }
    }
}