{
    "pools": [
        {
            "rolls": 1,
            "entries": [
                {
                    "type": "minecraft:item",
                    "name": "minecraft:written_book",
                    "functions": [
                        {
                            "function": "minecraft:set_count",
                            "count": 1
                        },
                        {
                            "function": "minecraft:set_nbt",
                            "tag": "{display:{Name:'{\"text\":\"Quarry 101\",\"color\":\"blue\",\"italic\":false}'},CustomModelData:10001,title:\"Quarry 101\",author:\"HeDeAn\",pages:['{\"text\":\"\",\"color\":\"white\",\"font\":\"quarry:default\",\"extra\":[{\"translate\":\"logo\",\"with\":[{\"text\":\"\\\\uE009\"}]}]}','[{\"text\":\"\",\"bold\":false},{\"text\":\"\\\\nIndex\\\\n\\\\n\",\"bold\":true},{\"text\":\"- Tools\\\\n\",\"color\":\"dark_gray\",\"hoverEvent\":{\"action\":\"show_text\",\"contents\":[{\"text\":\"go to page\"}]},\"clickEvent\":{\"action\":\"change_page\",\"value\":\"3\"}},{\"text\":\"- Machines\\\\n\",\"color\":\"dark_gray\",\"hoverEvent\":{\"action\":\"show_text\",\"contents\":[{\"text\":\"go to page\"}]},\"clickEvent\":{\"action\":\"change_page\",\"value\":\"5\"}},{\"text\":\"- Upgrades\\\\n\",\"color\":\"dark_gray\",\"hoverEvent\":{\"action\":\"show_text\",\"contents\":[{\"text\":\"go to page\"}]},\"clickEvent\":{\"action\":\"change_page\",\"value\":\"9\"}},{\"text\":\"- Commands\\\\n\",\"color\":\"dark_gray\",\"hoverEvent\":{\"action\":\"show_text\",\"contents\":[{\"text\":\"go to page\"}]},\"clickEvent\":{\"action\":\"change_page\",\"value\":\"32132\"}}]','[{\"text\":\"\",\"bold\":false},{\"text\":\"Tools\\\\n\\\\n\\\\n\",\"bold\":true},{\"text\":\"        Wrench\"},{\"text\":\"\",\"color\":\"white\",\"font\":\"quarry:default\",\"extra\":[{\"translate\":\"icon\",\"with\":[{\"text\":\"\\\\uE008\\\\n\\\\n\"}]}]},{\"text\":\"The Wrench is one of the most important thing needed for the Quarry. With the Wrench you can activate a Quarry Builder and craft Quarry Upgrades\"}]','[{\"text\":\"Recipe:\\\\n\"},{\"text\":\"\",\"color\":\"white\",\"font\":\"quarry:default\",\"extra\":[{\"translate\":\"recp\",\"with\":[{\"text\":\"\\\\uE012\"}]}],\"hoverEvent\":{\"action\":\"show_text\",\"contents\":\"Is crafted in a Crafting Table\"}}]','[{\"text\":\"\",\"bold\":false},{\"text\":\"Machines\\\\n\\\\n\\\\n\",\"bold\":true},{\"text\":\"   Quarry Builder\"},{\"text\":\"\",\"color\":\"white\",\"font\":\"quarry:default\",\"extra\":[{\"translate\":\"icon\",\"with\":[{\"text\":\"\\\\uE010\\\\n\\\\n\"}]}]},{\"text\":\"The Quarry Builder is the main component of a quarry. Fill it with:\\\\n - 1x Blast Furnace\\\\n - 1x Observer\\\\n - 16x Any Logs\\\\n - 32x Cobblestones\\\\n - 64x BlazeRods\"}]','[{\"text\":\"(the order of the items doen\\'t matter) and then right-click it with the Wrench to build it.\\\\n\\\\nA quarry digs a 3x3 hole, can break every non-unbreakable block. It takes 15 tick (3/4 second) to break one block.\"}]','[{\"text\":\"When you break the Fuel Tank or the hopper the quarry will break and drop a Quarry Builder.\\\\n\\\\n\"},{\"text\":\"\",\"color\":\"black\"},{\"text\":\"        Important\\\\n\\\\n\",\"color\":\"red\"},{\"text\":\"Every Quarry Builder has to be at leats 15 block away from the next Quarry Builder.\"}]','[{\"text\":\"Recipe:\\\\n\"},{\"text\":\"\",\"color\":\"white\",\"font\":\"quarry:default\",\"extra\":[{\"translate\":\"recp\",\"with\":[{\"text\":\"\\\\uE011\"}]}],\"hoverEvent\":{\"action\":\"show_text\",\"contents\":\"Is crafted in a Crafting Table\"}}]','[{\"text\":\"\",\"bold\":false},{\"text\":\"Upgrades\\\\n\\\\n\\\\n\",\"bold\":true},{\"text\":\"- Size Upgrades\\\\n\",\"color\":\"dark_gray\",\"hoverEvent\":{\"action\":\"show_text\",\"contents\":\"go to page\"},\"clickEvent\":{\"action\":\"change_page\",\"value\":\"10\"}},{\"text\":\"- Speed Upgrades\\\\n\\\\n\",\"color\":\"dark_gray\",\"hoverEvent\":{\"action\":\"show_text\",\"contents\":\"go to page\"},\"clickEvent\":{\"action\":\"change_page\",\"value\":\"16\"}},{\"text\":\"You can put Quarry Upgrades in the upper slot of the quarries fuel tank and by doing so you can increase its size or speed.\\\\n\\\\n\"}]','[{\"text\":\"Size Upgrades\\\\n\\\\n\\\\n\"},{\"text\":\"\",\"color\":\"white\",\"font\":\"quarry:default\",\"extra\":[{\"translate\":\"icon\",\"with\":[{\"text\":\"\\\\uE000\"}],\"hoverEvent\":{\"action\":\"show_text\",\"contents\":[{\"text\":\"5x5 Quarry Upgrade\",\"color\":\"light_purple\"},{\"text\":\" (go to recipe)\",\"color\":\"gray\"}]},\"clickEvent\":{\"action\":\"change_page\",\"value\":\"12\"}}]},{\"text\":\" The 5x5 upgrade increases the size to a 5x5 block area.\\\\n\\\\n\\\\n\"},{\"text\":\"\",\"color\":\"white\",\"font\":\"quarry:default\",\"extra\":[{\"translate\":\"icon\",\"with\":[{\"text\":\"\\\\uE001\"}],\"hoverEvent\":{\"action\":\"show_text\",\"contents\":[{\"text\":\"7x7 Quarry Upgrade\",\"color\":\"light_purple\"},{\"text\":\" (go to recipe)\",\"color\":\"gray\"}]},\"clickEvent\":{\"action\":\"change_page\",\"value\":\"13\"}}]},{\"text\":\" The 7x7 upgrade increases the size to a 7x7 block area.\"}]','[{\"text\":\"\\\\n\"},{\"text\":\"\",\"color\":\"white\",\"font\":\"quarry:default\",\"extra\":[{\"translate\":\"icon\",\"with\":[{\"text\":\"\\\\uE002\"}],\"hoverEvent\":{\"action\":\"show_text\",\"contents\":[{\"text\":\"9x9 Quarry Upgrade\",\"color\":\"light_purple\"},{\"text\":\" (go to recipe)\",\"color\":\"gray\"}]},\"clickEvent\":{\"action\":\"change_page\",\"value\":\"14\"}}]},{\"text\":\" The 9x9 upgrade increases the size to a 9x9 block area.\\\\n\\\\n\\\\n\"},{\"text\":\"\",\"color\":\"white\",\"font\":\"quarry:default\",\"extra\":[{\"translate\":\"icon\",\"with\":[{\"text\":\"\\\\uE003\"}],\"hoverEvent\":{\"action\":\"show_text\",\"contents\":[{\"text\":\"11x11 Quarry Upgrade\",\"color\":\"light_purple\"},{\"text\":\" (go to recipe)\",\"color\":\"gray\"}]},\"clickEvent\":{\"action\":\"change_page\",\"value\":\"15\"}}]},{\"text\":\" The 11x11 upgrade increases the size to a 11x11 block area.\"}]','[{\"text\":\"Recipe:\\\\n\"},{\"text\":\"\",\"color\":\"white\",\"font\":\"quarry:default\",\"extra\":[{\"translate\":\"recp\",\"with\":[{\"text\":\"\\\\uE013\"}]}],\"hoverEvent\":{\"action\":\"show_text\",\"contents\":\"Put recipe in a Dropper and right-click with the Wrench\"}}]','[{\"text\":\"Recipe:\\\\n\"},{\"text\":\"\",\"color\":\"white\",\"font\":\"quarry:default\",\"extra\":[{\"translate\":\"recp\",\"with\":[{\"text\":\"\\\\uE014\"}]}],\"hoverEvent\":{\"action\":\"show_text\",\"contents\":\"Put recipe in a Dropper and right-click with the Wrench\"}}]','[{\"text\":\"Recipe:\\\\n\"},{\"text\":\"\",\"color\":\"white\",\"font\":\"quarry:default\",\"extra\":[{\"translate\":\"recp\",\"with\":[{\"text\":\"\\\\uE015\"}]}],\"hoverEvent\":{\"action\":\"show_text\",\"contents\":\"Put recipe in a Dropper and right-click with the Wrench\"}}]','[{\"text\":\"Recipe:\\\\n\"},{\"text\":\"\",\"color\":\"white\",\"font\":\"quarry:default\",\"extra\":[{\"translate\":\"recp\",\"with\":[{\"text\":\"\\\\uE016\"}]}],\"hoverEvent\":{\"action\":\"show_text\",\"contents\":\"Put recipe in a Dropper and right-click with the Wrench\"}}]','[{\"text\":\"Speed Upgrades\\\\n\\\\n\\\\n\"},{\"text\":\"\",\"color\":\"white\",\"font\":\"quarry:default\",\"extra\":[{\"translate\":\"icon\",\"with\":[{\"text\":\"\\\\uE004\"}],\"hoverEvent\":{\"action\":\"show_text\",\"contents\":[{\"text\":\"Speed I Quarry Upgrade\",\"color\":\"light_purple\"},{\"text\":\" (go to recipe)\",\"color\":\"gray\"}]},\"clickEvent\":{\"action\":\"change_page\",\"value\":\"18\"}}]},{\"text\":\" The Speed I upgrade decreases the time betwean break blocks to 13 ticks.\\\\n\\\\n\\\\n\"},{\"text\":\"\",\"color\":\"white\",\"font\":\"quarry:default\",\"extra\":[{\"translate\":\"icon\",\"with\":[{\"text\":\"\\\\uE005\"}],\"hoverEvent\":{\"action\":\"show_text\",\"contents\":[{\"text\":\"Speed II Quarry Upgrade\",\"color\":\"light_purple\"},{\"text\":\" (go to recipe)\",\"color\":\"gray\"}]},\"clickEvent\":{\"action\":\"change_page\",\"value\":\"19\"}}]},{\"text\":\" The Speed II upgrade decreases the time betwean break blocks to 11 ticks.\"}]','[{\"text\":\"\\\\n\"},{\"text\":\"\",\"color\":\"white\",\"font\":\"quarry:default\",\"extra\":[{\"translate\":\"icon\",\"with\":[{\"text\":\"\\\\uE006\"}],\"hoverEvent\":{\"action\":\"show_text\",\"contents\":[{\"text\":\"Speed III Quarry Upgrade\",\"color\":\"light_purple\"},{\"text\":\" (go to recipe)\",\"color\":\"gray\"}]},\"clickEvent\":{\"action\":\"change_page\",\"value\":\"20\"}}]},{\"text\":\" The Speed III upgrade decreases the time betwean break blocks to 9 ticks.\\\\n\\\\n\\\\n\"},{\"text\":\"\",\"color\":\"white\",\"font\":\"quarry:default\",\"extra\":[{\"translate\":\"icon\",\"with\":[{\"text\":\"\\\\uE007\"}],\"hoverEvent\":{\"action\":\"show_text\",\"contents\":[{\"text\":\"Speed IV Quarry Upgrade\",\"color\":\"light_purple\"},{\"text\":\" (go to recipe)\",\"color\":\"gray\"}]},\"clickEvent\":{\"action\":\"change_page\",\"value\":\"21\"}}]},{\"text\":\" The Speed IV upgrade decreases the time betwean break blocks to 7 ticks.\"}]','[{\"text\":\"Recipe:\\\\n\"},{\"text\":\"\",\"color\":\"white\",\"font\":\"quarry:default\",\"extra\":[{\"translate\":\"recp\",\"with\":[{\"text\":\"\\\\uE017\"}]}],\"hoverEvent\":{\"action\":\"show_text\",\"contents\":\"Put recipe in a Dropper and right-click with the Wrench\"}}]','[{\"text\":\"Recipe:\\\\n\"},{\"text\":\"\",\"color\":\"white\",\"font\":\"quarry:default\",\"extra\":[{\"translate\":\"recp\",\"with\":[{\"text\":\"\\\\uE018\"}]}],\"hoverEvent\":{\"action\":\"show_text\",\"contents\":\"Put recipe in a Dropper and right-click with the Wrench\"}}]','[{\"text\":\"Recipe:\\\\n\"},{\"text\":\"\",\"color\":\"white\",\"font\":\"quarry:default\",\"extra\":[{\"translate\":\"recp\",\"with\":[{\"text\":\"\\\\uE019\"}]}],\"hoverEvent\":{\"action\":\"show_text\",\"contents\":\"Put recipe in a Dropper and right-click with the Wrench\"}}]','[{\"text\":\"Recipe:\\\\n\"},{\"text\":\"\",\"color\":\"white\",\"font\":\"quarry:default\",\"extra\":[{\"translate\":\"recp\",\"with\":[{\"text\":\"\\\\uE020\"}]}],\"hoverEvent\":{\"action\":\"show_text\",\"contents\":\"Put recipe in a Dropper and right-click with the Wrench\"}}]','[{\"text\":\"\",\"bold\":false},{\"text\":\"Commands\\\\n\\\\n\\\\n\",\"bold\":true},{\"text\":\"You can use the command \"},{\"text\":\"[/]\",\"color\":\"gold\",\"hoverEvent\":{\"action\":\"show_text\",\"contents\":\"/function quarry:debug/delet_old_quarries\"}},{\"text\":\" to destroy every quarry\"}]']}"
                        }
                    ]
                }
            ]
        }
    ]
}
