{
	"description": "All mobs that can transform into a slime",
	"values": [
		{
			"id": "minecraft:zombie",
			"required": false
		},
		{
			"id": "minecraft:zombie_villager",
			"required": false
		},
		{
			"id": "minecraft:skeleton",
			"required": false
		},
		{
			"id": "minecraft:creeper",
			"required": false
		},
		{
			"id": "minecraft:cave_spider",
			"required": false
		},
		{
			"id": "minecraft:enderman",
			"required": false
		},
		{
			"id": "minecraft:spider",
			"required": false
		}
	]
}