{
  "parent": "minecraft:recipes/root",
  "rewards": {
    "recipes": [
      "dnv.vegan_food:cake",
      "dnv.vegan_food:pie"
    ]
  },
  "criteria": {
    "has_the_ingredient": {
      "trigger": "minecraft:inventory_changed",
      "conditions": {
        "items": [{
          "tag": "dnv.vegan_food:egg_baking_replacements"
        }]
      }
    },
    "has_the_recipe": {
      "trigger": "minecraft:recipe_unlocked",
      "conditions": {
        "recipe": "dnv.vegan_food:cake"
      }
    },
    "has_the_recipe2": {
      "trigger": "minecraft:recipe_unlocked",
      "conditions": {
        "recipe": "dnv.vegan_food:pie"
      }
    },
    "has_the_item": {
      "trigger": "minecraft:inventory_changed",
      "conditions": {
        "items": [{
          "items": [
            "minecraft:cake"
           ]
        }]
      }
    },
    "has_the_item2": {
      "trigger": "minecraft:inventory_changed",
      "conditions": {
        "items": [{
          "items": [
            "minecraft:pumpkin_pie"
           ]
        }]
      }
    },
    "has_the_item3": {
      "trigger": "minecraft:inventory_changed",
      "conditions": {
        "items": [{
          "items": [
            "minecraft:egg"
           ]
        }]
      }
    }
  },
  "requirements": [
    [
      "has_the_ingredient",
      "has_the_recipe",
      "has_the_recipe2",
      "has_the_item",
      "has_the_item2",
      "has_the_item3"
    ]
  ]
}
