{
  "parent": "minecraft:recipes/root",
  "rewards": {
    "recipes": [
      "dnv.vegan_food:honey_flower"
    ]
  },
  "criteria": {
    "has_the_ingredient": {
      "trigger": "minecraft:inventory_changed",
      "conditions": {
        "items": [
          {
            "tag": "minecraft:flowers"
          }
        ]
      }
    },
    "has_the_recipe": {
      "trigger": "minecraft:recipe_unlocked",
      "conditions": {
        "recipe": "dnv.vegan_food:honey_flower"
      }
    },
    "has_the_item": {
      "trigger": "minecraft:inventory_changed",
      "conditions": {
        "items": [{
          "items": [
            "minecraft:honey_bottle"
           ]
        }]
      }
    },
    "beenest": {
      "trigger": "minecraft:bee_nest_destroyed"
    },
    "bee_damage": {
      "trigger": "minecraft:entity_hurt_player",
      "conditions": {
        "damage": {
          "source_entity": {
            "type": "minecraft:bee"
          }
        }
      }
    }
  },
  "requirements": [
    [
      "has_the_ingredient",
      "has_the_recipe",
      "has_the_item",
      "beenest",
      "bee_damage"
    ]
  ]
}
