{
    "rewards": {
        "function": "dnv.vegancraft:food/consumed_non-vegan_food"
    },
    "criteria": {
        "consumed_non-vegan_food": {
			"trigger": "minecraft:consume_item",
			"conditions": {
				"item": {
					"tag": "dnv.vegancraft:non-vegan_foods"
				}
			}
		},
		"consumed_custom_non-vegan_food": {
			"trigger": "minecraft:consume_item",
			"conditions": {
				"item": {
					"tag": "dnv.vegancraft:vegan_foods",
					"nbt": "{dnv.Vegan:0b}"
				}
			}
		}
    },
	"requirements": [
	  [
		"consumed_non-vegan_food",
		"consumed_custom_non-vegan_food"
	  ]
	]
}