{
  "criteria": {
    "reverse": {
      "trigger": "minecraft:player_interacted_with_entity",
      "conditions": {
        "player": [
          {
            "condition": "minecraft:entity_properties",
            "entity": "this",
            "predicate": {
              "flags": {
                "is_sneaking": true
              }
            }
          },
          {
            "condition": "minecraft:inverted",
            "term": {
              "condition": "minecraft:entity_properties",
              "entity": "this",
              "predicate": {
                "equipment": {
                  "mainhand": {
                    "tag": "frame:item"
                  }
                }
              }
            }
          }
        ],
        "entity": {
          "type": "#item_frame"
        }
      }
    }
  },
  "rewards": {
    "function": "frame:reverser"
  }
}
