{
  "parent": "item/handheld",
  "textures": {
    "layer0": "item/wooden_pickaxe"
  },
  "overrides": [
    {"predicate": {"custom_model_data": 133701}, "model": "item/mid_white"},
    {"predicate": {"custom_model_data": 133702}, "model": "item/mid_blue"},
    {"predicate": {"custom_model_data": 133703}, "model": "item/mid_red"},
    {"predicate": {"custom_model_data": 133704}, "model": "item/mid_yellow"},
    {"predicate": {"custom_model_data": 133705}, "model": "item/mid_green"},
    {"predicate": {"custom_model_data": 133706}, "model": "item/mid_black"},
    {"predicate": {"custom_model_data": 133707}, "model": "item/conn_white"},
    {"predicate": {"custom_model_data": 133708}, "model": "item/conn_blue"},
    {"predicate": {"custom_model_data": 133709}, "model": "item/conn_red"},
    {"predicate": {"custom_model_data": 133710}, "model": "item/conn_yellow"},
    {"predicate": {"custom_model_data": 133711}, "model": "item/conn_green"},
    {"predicate": {"custom_model_data": 133712}, "model": "item/conn_black"},
    {"predicate": {"custom_model_data": 133713}, "model": "item/mid_golden"},
    {"predicate": {"custom_model_data": 133714}, "model": "item/conn_golden_white"},
    {"predicate": {"custom_model_data": 133715}, "model": "item/conn_golden_blue"},
    {"predicate": {"custom_model_data": 133716}, "model": "item/conn_golden_red"},
    {"predicate": {"custom_model_data": 133717}, "model": "item/conn_golden_yellow"},
    {"predicate": {"custom_model_data": 133718}, "model": "item/conn_golden_green"},
    {"predicate": {"custom_model_data": 133719}, "model": "item/conn_golden_black"},
    {"predicate": {"custom_model_data": 133720}, "model": "item/mid_iron"},
    {"predicate": {"custom_model_data": 133721}, "model": "item/conn_iron_closed"},
    {"predicate": {"custom_model_data": 133722}, "model": "item/conn_iron_opened"},
    {"predicate": {"custom_model_data": 133723}, "model": "item/mid_ice"},
    {"predicate": {"custom_model_data": 133724}, "model": "item/conn_ice"},
    {"predicate": {"custom_model_data": 133725}, "model": "item/item_pipe_white"},
    {"predicate": {"custom_model_data": 133726}, "model": "item/item_pipe_blue"},
    {"predicate": {"custom_model_data": 133727}, "model": "item/item_pipe_red"},
    {"predicate": {"custom_model_data": 133728}, "model": "item/item_pipe_yellow"},
    {"predicate": {"custom_model_data": 133729}, "model": "item/item_pipe_green"},
    {"predicate": {"custom_model_data": 133730}, "model": "item/item_pipe_black"},
    {"predicate": {"custom_model_data": 133731}, "model": "item/item_pipe_golden"},
    {"predicate": {"custom_model_data": 133732}, "model": "item/item_pipe_iron"},
    {"predicate": {"custom_model_data": 133733}, "model": "item/item_pipe_ice"},
    {"predicate": {"custom_model_data": 133734}, "model": "item/item_wrench"},
    {"predicate": {"custom_model_data": 133735}, "model": "item/mid_void"},
    {"predicate": {"custom_model_data": 133736}, "model": "item/conn_void"},
    {"predicate": {"custom_model_data": 133737}, "model": "item/mid_extraction"},
    {"predicate": {"custom_model_data": 133738}, "model": "item/conn_extraction_closed"},
    {"predicate": {"custom_model_data": 133739}, "model": "item/conn_extraction_opened"},
    {"predicate": {"custom_model_data": 133740}, "model": "item/wiremid_white"},
    {"predicate": {"custom_model_data": 133741}, "model": "item/wireconn_white"},
    {"predicate": {"custom_model_data": 133742}, "model": "item/mid_crafting"},
    {"predicate": {"custom_model_data": 133743}, "model": "item/conn_crafting"}
  ]
}
