{
	"credit": "Made with Blockbench",
	"textures": {
		"0": "item/quarry_frame",
		"1": "item/quarry_frame_corner",
		"particle": "item/quarry_frame"
	},
	"elements": [
		{
			"from": [6, 6, 0],
			"to": [10, 10, 10.1],
			"faces": {
				"north": {"uv": [8, 8, 11, 11], "texture": "#0"},
				"east": {"uv": [8, 8, 11, 11], "texture": "#0"},
				"south": {"uv": [8, 8, 11, 11], "texture": "#0"},
				"west": {"uv": [8, 8, 11, 11], "texture": "#0"},
				"up": {"uv": [8, 8, 11, 11], "rotation": 90, "texture": "#0"},
				"down": {"uv": [8, 8, 11, 11], "texture": "#0"}
			}
		},
		{
			"from": [0, 6, 6],
			"to": [6, 10, 10],
			"rotation": {"angle": 0, "axis": "y", "origin": [8, 8, 8]},
			"faces": {
				"north": {"uv": [8, 8, 11, 11], "texture": "#0"},
				"east": {"uv": [8, 8, 11, 11], "texture": "#0"},
				"south": {"uv": [8, 8, 11, 11], "texture": "#0"},
				"west": {"uv": [8, 8, 11, 11], "texture": "#0"},
				"up": {"uv": [8, 8, 11, 11], "rotation": 180, "texture": "#0"},
				"down": {"uv": [8, 8, 11, 11], "rotation": 270, "texture": "#0"}
			}
		},
		{
			"from": [4, 4, 0],
			"to": [12, 12, 4],
			"faces": {
				"north": {"uv": [0, 8, 8, 16], "texture": "#0"},
				"east": {"uv": [12, 0, 16, 8], "texture": "#0"},
				"west": {"uv": [12, 0, 16, 8], "rotation": 180, "texture": "#0"},
				"up": {"uv": [12, 0, 16, 8], "rotation": 270, "texture": "#0"},
				"down": {"uv": [12, 0, 16, 8], "rotation": 90, "texture": "#0"}
			}
		},
		{
			"from": [0, 4, 4],
			"to": [4, 12, 12],
			"rotation": {"angle": 0, "axis": "y", "origin": [8, 8, 8]},
			"faces": {
				"north": {"uv": [0, 0, 4, 8], "rotation": 180, "texture": "#0"},
				"south": {"uv": [0, 0, 4, 8], "texture": "#0"},
				"west": {"uv": [0, 8, 8, 16], "texture": "#0"},
				"up": {"uv": [0, 0, 4, 8], "texture": "#0"},
				"down": {"uv": [0, 0, 4, 8], "texture": "#0"}
			}
		},
		{
			"from": [4, 4, 4],
			"to": [12, 12, 12],
			"rotation": {"angle": 0, "axis": "y", "origin": [8, 8, 8]},
			"faces": {
				"east": {"uv": [0, 8, 8, 16], "texture": "#1"},
				"south": {"uv": [0, 8, 8, 16], "texture": "#1"},
				"up": {"uv": [0, 8, 8, 16], "rotation": 180, "texture": "#1"},
				"down": {"uv": [0, 8, 8, 16], "texture": "#1"}
			}
		}
	],
	"display": {
		"thirdperson_righthand": {
			"rotation": [45, -45, 0],
			"translation": [0, 1, -1],
			"scale": [0.4, 0.4, 0.4]
		},
		"thirdperson_lefthand": {
			"rotation": [45, 45, 0],
			"translation": [0, 1, -1],
			"scale": [0.4, 0.4, 0.4]
		},
		"firstperson_righthand": {
			"rotation": [0, -45, 0],
			"translation": [2, 0, 0],
			"scale": [0.5, 0.5, 0.5]
		},
		"firstperson_lefthand": {
			"rotation": [0, 45, 0],
			"translation": [2, 0, 0],
			"scale": [0.5, 0.5, 0.5]
		},
		"ground": {
			"translation": [0, -1, 0],
			"scale": [0.5, 0.5, 0.5]
		},
		"gui": {
			"rotation": [30, 45, 0],
			"translation": [1.25, 0, 0],
			"scale": [0.7, 0.7, 0.7]
		},
		"head": {
			"translation": [0, -14.65, 0],
			"scale": [2.3, 2.3, 2.3]
		},
		"fixed": {
			"rotation": [90, -90, 0]
		}
	},
	"groups": [0, 1,
		{
			"name": "group",
			"origin": [0, 0, 0],
			"children": [2, 3, 4]
		}
	]
}