{
  "parent": "vegancraft:plant_based_milks",
  "display": {
  	"icon": {
			"item": "minecraft:potato"
  	},
 	"title": "Potato milk",
	"description": "Craft a bucket of milk using potatoes, an empty bucket, and a bucket full of water.",
	"show_toast": false,
	"announce_to_chat": false
  },
  "rewards": {
    "recipes": [
      "vegancraft:potato_milk"
    ]
  },
  "criteria": {
    "has_potato": {
      "trigger": "minecraft:inventory_changed",
      "conditions": {
        "items": [{
          "items": [
            "minecraft:potato"
           ]
        }]
      }
    },
    "has_the_recipe": {
      "trigger": "minecraft:recipe_unlocked",
      "conditions": {
        "recipe": "vegancraft:potato_milk"
      }
    }
  },
  "requirements": [
    [
      "has_potato",
      "has_the_recipe"
    ]
  ]
}
