{
    "providers": [
        {
            "type": "bitmap",
            "file": "minecraft:item/5x5_upgrade.png",
            "ascent": 16,
            "height": 16,
            "chars": [
                "\uE000"
            ]
        },
        {
            "type": "bitmap",
            "file": "minecraft:item/7x7_upgrade.png",
            "ascent": 16,
            "height": 16,
            "chars": [
                "\uE001"
            ]
        },
        {
            "type": "bitmap",
            "file": "minecraft:item/9x9_upgrade.png",
            "ascent": 16,
            "height": 16,
            "chars": [
                "\uE002"
            ]
        },
        {
            "type": "bitmap",
            "file": "minecraft:item/11x11_upgrade.png",
            "ascent": 16,
            "height": 16,
            "chars": [
                "\uE003"
            ]
        },
        {
            "type": "bitmap",
            "file": "minecraft:item/s1_upgrade.png",
            "ascent": 16,
            "height": 16,
            "chars": [
                "\uE004"
            ]
        },
        {
            "type": "bitmap",
            "file": "minecraft:item/s2_upgrade.png",
            "ascent": 16,
            "height": 16,
            "chars": [
                "\uE005"
            ]
        },
        {
            "type": "bitmap",
            "file": "minecraft:item/s3_upgrade.png",
            "ascent": 16,
            "height": 16,
            "chars": [
                "\uE006"
            ]
        },
        {
            "type": "bitmap",
            "file": "minecraft:item/s4_upgrade.png",
            "ascent": 16,
            "height": 16,
            "chars": [
                "\uE007"
            ]
        },
        {
            "type": "bitmap",
            "file": "minecraft:item/wrench.png",
            "ascent": 12,
            "height": 16,
            "chars": [
                "\uE008"
            ]
        },
        {
            "type": "bitmap",
            "file": "minecraft:book_img/logo.png",
            "ascent": 10,
            "height": 113,
            "chars": [
                "\uE009"
            ]
        },
        {
            "type": "bitmap",
            "file": "minecraft:book_img/quarry_builder.png",
            "ascent": 12,
            "height": 16,
            "chars": [
                "\uE010"
            ]
        },
        {
            "type": "bitmap",
            "file": "minecraft:book_img/quarry_builder_recp.png",
            "ascent": 7,
            "height": 80,
            "chars": [
                "\uE011"
            ]
        },
        {
            "type": "bitmap",
            "file": "minecraft:book_img/wrench_recp.png",
            "ascent": 7,
            "height": 80,
            "chars": [
                "\uE012"
            ]
        },
        {
            "type": "bitmap",
            "file": "minecraft:book_img/5x5_upgrade_recp.png",
            "ascent": 7,
            "height": 80,
            "chars": [
                "\uE013"
            ]
        },
        {
            "type": "bitmap",
            "file": "minecraft:book_img/7x7_upgrade_recp.png",
            "ascent": 7,
            "height": 80,
            "chars": [
                "\uE014"
            ]
        },
        {
            "type": "bitmap",
            "file": "minecraft:book_img/9x9_upgrade_recp.png",
            "ascent": 7,
            "height": 80,
            "chars": [
                "\uE015"
            ]
        },
        {
            "type": "bitmap",
            "file": "minecraft:book_img/11x11_upgrade_recp.png",
            "ascent": 7,
            "height": 80,
            "chars": [
                "\uE016"
            ]
        },
        {
            "type": "bitmap",
            "file": "minecraft:book_img/s1_upgrade_recp.png",
            "ascent": 7,
            "height": 80,
            "chars": [
                "\uE017"
            ]
        },
        {
            "type": "bitmap",
            "file": "minecraft:book_img/s2_upgrade_recp.png",
            "ascent": 7,
            "height": 80,
            "chars": [
                "\uE018"
            ]
        },
        {
            "type": "bitmap",
            "file": "minecraft:book_img/s3_upgrade_recp.png",
            "ascent": 7,
            "height": 80,
            "chars": [
                "\uE019"
            ]
        },
        {
            "type": "bitmap",
            "file": "minecraft:book_img/s4_upgrade_recp.png",
            "ascent": 7,
            "height": 80,
            "chars": [
                "\uE020"
            ]
        }
    ]
}