{
    "display": {
        "icon": {
            "item": "minecraft:written_book",
            "nbt": "{CustomModelData:10001}"
        },
        "title": {
            "text": "Vanilla Quarry"
        },
        "description": "Build as many Quarries as you can and mine the whole World",
        "background": "minecraft:textures/block/furnace_top.png",
        "frame": "task",
        "show_toast": true,
        "announce_to_chat": false
    },
    "criteria": {
        "requirement": {
            "trigger": "minecraft:tick"
        }
    }
}
