{
    "parent": "minecraft:recipes/root",
    "rewards": {
        "recipes": [
          "dnv.recyclecraft:stonecutter/end_stone/end_stone_brick_wall_from_end_stone_brick_stairs"
        ]
      },
    "criteria": {
        "has_the_ingredient": {
            "trigger": "minecraft:inventory_changed",
            "conditions": {
                "items": [{
                    "items": ["minecraft:end_stone_brick_stairs"]
                }]
            }
        },
        "has_the_recipe": {
            "trigger": "minecraft:recipe_unlocked",
            "conditions": {
                "recipe": "dnv.recyclecraft:stonecutter/end_stone/end_stone_brick_wall_from_end_stone_brick_stairs"
            }
        }
    },
    "requirements": [
        [
          "has_the_ingredient",
          "has_the_recipe"
        ]
    ]
}
