{
    "pools": [
        {
            "rolls": 1,
            "entries": [
                {
                    "type": "minecraft:item",
                    "name": "minecraft:bat_spawn_egg",
                    "functions": [
                        {
                            "function": "minecraft:set_count",
                            "count": 1
                        },
                        {
                            "function": "minecraft:set_nbt",
                            "tag": "{CustomModelData:1,EntityTag:{id:\"minecraft:armor_stand\",NoGravity:1b,ShowArms:0b,Small:1b,Marker:1b,Invisible:1b,NoBasePlate:1b,Tags:[\"quarry_builder\",\"facing\"],DisabledSlots:4144959}}"
                        },
                        {
                            "function": "minecraft:set_name",
                            "entity": "this",
                            "name": {
                                "text": "Quarry Builder",
                                "italic": false
                            }
                        }
                    ]
                }
            ]
        }
    ]
}
