{
    "parent": "minecraft:recipes/root",
    "rewards": {
        "recipes": [
          "dnv.recyclecraft:wood/stonecutter_fence_gate_acacia_logs"
        ]
      },
    "criteria": {
        "has_the_ingredient": {
            "trigger": "minecraft:inventory_changed",
            "conditions": {
                "items": [{
                    "tag": "minecraft:acacia_logs"
                }]
            }
        },
        "has_the_recipe": {
            "trigger": "minecraft:recipe_unlocked",
            "conditions": {
                "recipe": "dnv.recyclecraft:wood/stonecutter_fence_gate_acacia_logs"
            }
        }
    },
    "requirements": [
        [
          "has_the_ingredient",
          "has_the_recipe"
        ]
    ]
}
