{
    "parent": "minecraft:recipes/root",
    "rewards": {
        "recipes": [
          "dnv.recyclecraft:wood/stonecutter_stripped_stem_stripped_warped_hyphae"
        ]
      },
    "criteria": {
        "has_the_ingredient": {
            "trigger": "minecraft:inventory_changed",
            "conditions": {
                "items": [{
                    "items": ["minecraft:stripped_warped_hyphae"]
                }]
            }
        },
        "has_the_recipe": {
            "trigger": "minecraft:recipe_unlocked",
            "conditions": {
                "recipe": "dnv.recyclecraft:wood/stonecutter_stripped_stem_stripped_warped_hyphae"
            }
        }
    },
    "requirements": [
        [
          "has_the_ingredient",
          "has_the_recipe"
        ]
    ]
}
