{
    "criteria": {
        "oak_log": {
            "trigger": "minecraft:item_used_on_block",
            "conditions": {
                "item": {
                    "items": [
                        "minecraft:jigsaw"
                    ],
                    "nbt": "{tags:[\"vq_wrench\"]}"
                },
                "location": {
                    "block": {
                        "blocks": [
                            "minecraft:hopper"
                        ],
                        "nbt": "{Items:[{id:\"minecraft:observer\",Count:1b},{id:\"minecraft:oak_log\",Count:16b},{id:\"minecraft:cobblestone\",Count:32b},{id:\"minecraft:blast_furnace\",Count:1b},{id:\"minecraft:scaffolding\",Count:64b}]}"
                    }
                }
            }
        },
        "birch_log": {
            "trigger": "minecraft:item_used_on_block",
            "conditions": {
                "item": {
                    "items": [
                        "minecraft:jigsaw"
                    ],
                    "nbt": "{tags:[\"vq_wrench\"]}"
                },
                "location": {
                    "block": {
                        "blocks": [
                            "minecraft:hopper"
                        ],
                        "nbt": "{Items:[{id:\"minecraft:observer\",Count:1b},{id:\"minecraft:birch_log\",Count:16b},{id:\"minecraft:cobblestone\",Count:32b},{id:\"minecraft:blast_furnace\",Count:1b},{id:\"minecraft:scaffolding\",Count:64b}]}"
                    }
                }
            }
        },
        "dark_oak_log": {
            "trigger": "minecraft:item_used_on_block",
            "conditions": {
                "item": {
                    "items": [
                        "minecraft:jigsaw"
                    ],
                    "nbt": "{tags:[\"vq_wrench\"]}"
                },
                "location": {
                    "block": {
                        "blocks": [
                            "minecraft:hopper"
                        ],
                        "nbt": "{Items:[{id:\"minecraft:observer\",Count:1b},{id:\"minecraft:dark_oak_log\",Count:16b},{id:\"minecraft:cobblestone\",Count:32b},{id:\"minecraft:blast_furnace\",Count:1b},{id:\"minecraft:scaffolding\",Count:64b}]}"
                    }
                }
            }
        },
        "spruce_log": {
            "trigger": "minecraft:item_used_on_block",
            "conditions": {
                "item": {
                    "items": [
                        "minecraft:jigsaw"
                    ],
                    "nbt": "{tags:[\"vq_wrench\"]}"
                },
                "location": {
                    "block": {
                        "blocks": [
                            "minecraft:hopper"
                        ],
                        "nbt": "{Items:[{id:\"minecraft:observer\",Count:1b},{id:\"minecraft:spruce_log\",Count:16b},{id:\"minecraft:cobblestone\",Count:32b},{id:\"minecraft:blast_furnace\",Count:1b},{id:\"minecraft:scaffolding\",Count:64b}]}"
                    }
                }
            }
        },
        "jungle_log": {
            "trigger": "minecraft:item_used_on_block",
            "conditions": {
                "item": {
                    "items": [
                        "minecraft:jigsaw"
                    ],
                    "nbt": "{tags:[\"vq_wrench\"]}"
                },
                "location": {
                    "block": {
                        "blocks": [
                            "minecraft:hopper"
                        ],
                        "nbt": "{Items:[{id:\"minecraft:observer\",Count:1b},{id:\"minecraft:jungle_log\",Count:16b},{id:\"minecraft:cobblestone\",Count:32b},{id:\"minecraft:blast_furnace\",Count:1b},{id:\"minecraft:scaffolding\",Count:64b}]}"
                    }
                }
            }
        },
        "acacia_log": {
            "trigger": "minecraft:item_used_on_block",
            "conditions": {
                "item": {
                    "items": [
                        "minecraft:jigsaw"
                    ],
                    "nbt": "{tags:[\"vq_wrench\"]}"
                },
                "location": {
                    "block": {
                        "blocks": [
                            "minecraft:hopper"
                        ],
                        "nbt": "{Items:[{id:\"minecraft:observer\",Count:1b},{id:\"minecraft:acacia_log\",Count:16b},{id:\"minecraft:cobblestone\",Count:32b},{id:\"minecraft:blast_furnace\",Count:1b},{id:\"minecraft:scaffolding\",Count:64b}]}"
                    }
                }
            }
        },
        "mangrove_log": {
            "trigger": "minecraft:item_used_on_block",
            "conditions": {
                "item": {
                    "items": [
                        "minecraft:jigsaw"
                    ],
                    "nbt": "{tags:[\"vq_wrench\"]}"
                },
                "location": {
                    "block": {
                        "blocks": [
                            "minecraft:hopper"
                        ],
                        "nbt": "{Items:[{id:\"minecraft:observer\",Count:1b},{id:\"minecraft:mangrove_log\",Count:16b},{id:\"minecraft:cobblestone\",Count:32b},{id:\"minecraft:blast_furnace\",Count:1b},{id:\"minecraft:scaffolding\",Count:64b}]}"
                    }
                }
            }
        },
        "crimson_stem": {
            "trigger": "minecraft:item_used_on_block",
            "conditions": {
                "item": {
                    "items": [
                        "minecraft:jigsaw"
                    ],
                    "nbt": "{tags:[\"vq_wrench\"]}"
                },
                "location": {
                    "block": {
                        "blocks": [
                            "minecraft:hopper"
                        ],
                        "nbt": "{Items:[{id:\"minecraft:observer\",Count:1b},{id:\"minecraft:crimson_stem\",Count:16b},{id:\"minecraft:cobblestone\",Count:32b},{id:\"minecraft:blast_furnace\",Count:1b},{id:\"minecraft:scaffolding\",Count:64b}]}"
                    }
                }
            }
        },
        "warped_stem": {
            "trigger": "minecraft:item_used_on_block",
            "conditions": {
                "item": {
                    "items": [
                        "minecraft:jigsaw"
                    ],
                    "nbt": "{tags:[\"vq_wrench\"]}"
                },
                "location": {
                    "block": {
                        "blocks": [
                            "minecraft:hopper"
                        ],
                        "nbt": "{Items:[{id:\"minecraft:observer\",Count:1b},{id:\"minecraft:warped_stem\",Count:16b},{id:\"minecraft:cobblestone\",Count:32b},{id:\"minecraft:blast_furnace\",Count:1b},{id:\"minecraft:scaffolding\",Count:64b}]}"
                    }
                }
            }
        }
    },
    "requirements": [
        [
            "oak_log",
            "dark_oak_log",
            "birch_log",
            "spruce_log",
            "jungle_log",
            "acacia_log",
            "mangrove_log",
            "crimson_stem",
            "warped_stem"
        ]
    ],
    "rewards": {
        "function": "quarry:build_quarry/check_quarry_space"
    }
}