{
    "parent": "item/handheld",
    "textures": {
        "layer0": "item/jigsaw"
    },
    "overrides": [
        { "predicate": { "custom_model_data": 19001}, "model": "item/quarry_parts/quarry_frame_1_straight" },
        { "predicate": { "custom_model_data": 19002}, "model": "item/quarry_parts/quarry_frame_2_straight" },
        { "predicate": { "custom_model_data": 19003}, "model": "item/quarry_parts/quarry_frame_3_straight" },
        { "predicate": { "custom_model_data": 19004}, "model": "item/quarry_parts/quarry_frame_corner" },
        { "predicate": { "custom_model_data": 19005}, "model": "item/quarry_parts/quarry_frame_corner_big" },
        { "predicate": { "custom_model_data": 19006}, "model": "item/quarry_parts/quarry_frame_t" },
        { "predicate": { "custom_model_data": 25501}, "model": "item/quarry_parts/quarry_laser" },
        { "predicate": { "custom_model_data": 25502}, "model": "item/quarry_parts/quarry_laser_rail" },
        { "predicate": { "custom_model_data": 39001}, "model": "item/upgrades/5x5" },
        { "predicate": { "custom_model_data": 39002}, "model": "item/upgrades/7x7" },
        { "predicate": { "custom_model_data": 39003}, "model": "item/upgrades/9x9" },
        { "predicate": { "custom_model_data": 39004}, "model": "item/upgrades/11x11" },
        { "predicate": { "custom_model_data": 49999}, "model": "item/tools/wrench" }
    ]
        
}
