{
	"parent": "item/generated",
	"textures": {
		"layer0": "item/tipped_arrow_head",
		"layer1": "item/tipped_arrow_base"
	},
	"overrides": [
		{ "predicate": {"custom_model_data": 4523472}, "model": "item/shulker_bullet_arrow"},
		{ "predicate": {"custom_model_data": 4523473}, "model": "item/lightning_arrow"},
		{ "predicate": {"custom_model_data": 4523474}, "model": "item/tnt_arrow"},
		{ "predicate": {"custom_model_data": 4523475}, "model": "item/freeze_arrow"},
		{ "predicate": {"custom_model_data": 4523476}, "model": "item/tp_arrow"},
		{ "predicate": {"custom_model_data": 4523477}, "model": "item/trap_arrow"},
		{ "predicate": {"custom_model_data": 4523478}, "model": "item/fangs_arrow"},
		{ "predicate": {"custom_model_data": 4523479}, "model": "item/quicksand_arrow"},
		{ "predicate": {"custom_model_data": 4523480}, "model": "item/witch_arrow"},
		{ "predicate": {"custom_model_data": 4523481}, "model": "item/spider_arrow"},
		{ "predicate": {"custom_model_data": 4523482}, "model": "item/anvil_arrow"},
		{ "predicate": {"custom_model_data": 4523483}, "model": "item/torch_arrow"},
		{ "predicate": {"custom_model_data": 4523484}, "model": "item/dragon_breath_arrow"},
		{ "predicate": {"custom_model_data": 4523485}, "model": "item/spike_arrow"}
	]
}