{
	"parent": "dnv.vegancraft:food",
	"display": {
		"icon": {
			"item": "minecraft:golden_carrot"
		},
		"title": "Plant-based Diet",
		"frame": "challenge",
		"description": "Play for 24 game-days without eating any animal products"
	},
	"criteria": {
		"granted_by_function": {
			"trigger": "minecraft:impossible"
		},
		"1day": {
			"trigger": "minecraft:impossible"
		},
		"2day": {
			"trigger": "minecraft:impossible"
		},
		"3day": {
			"trigger": "minecraft:impossible"
		},
		"4day": {
			"trigger": "minecraft:impossible"
		},
		"5day": {
			"trigger": "minecraft:impossible"
		},
		"6day": {
			"trigger": "minecraft:impossible"
		},
		"7day": {
			"trigger": "minecraft:impossible"
		},
		"8day": {
			"trigger": "minecraft:impossible"
		},
		"9day": {
			"trigger": "minecraft:impossible"
		},
		"10day": {
			"trigger": "minecraft:impossible"
		},
		"11day": {
			"trigger": "minecraft:impossible"
		},
		"12day": {
			"trigger": "minecraft:impossible"
		},
		"13day": {
			"trigger": "minecraft:impossible"
		},
		"14day": {
			"trigger": "minecraft:impossible"
		},
		"15day": {
			"trigger": "minecraft:impossible"
		},
		"16day": {
			"trigger": "minecraft:impossible"
		},
		"17day": {
			"trigger": "minecraft:impossible"
		},
		"18day": {
			"trigger": "minecraft:impossible"
		},
		"19day": {
			"trigger": "minecraft:impossible"
		},
		"20day": {
			"trigger": "minecraft:impossible"
		},
		"21day": {
			"trigger": "minecraft:impossible"
		},
		"22day": {
			"trigger": "minecraft:impossible"
		},
		"23day": {
			"trigger": "minecraft:impossible"
		}
	},
	"rewards": {
		"experience": 50
	}
}