{
    "pools": [
        {
            "rolls": 1,
            "entries": [
                {
                    "type": "minecraft:item",
                    "name": "minecraft:jigsaw",
                    "functions": [
                        {
                            "function": "minecraft:set_count",
                            "count": 1
                        },
                        {
                            "function": "minecraft:set_nbt",
                            "tag": "{display:{Name:'{\"text\":\"Speed II Quarry Upgrade\",\"color\":\"light_purple\",\"italic\":false}'},CustomModelData:38002,tags:[\"s2\"]}"
                        }
                    ]
                }
            ]
        }
    ]
}