{
    "type": "minecraft:crafting_shapeless",
    "pattern": [
        "###",
        "SES",
        "WWW"
    ],
    "ingredients": [
        {
            "item": "minecraft:milk_bucket"
        },
        {
            "item": "minecraft:milk_bucket"
        },
        {
            "item": "minecraft:milk_bucket"
        },
        {
            "item": "minecraft:sugar"
        },
        {
            "item": "minecraft:sugar"
        },
        {
            "tag": "dnv.vegan_food:egg_baking_replacements"
        },
        {
            "item": "minecraft:wheat"
        },
        {
            "item": "minecraft:wheat"
        },
        {
            "item": "minecraft:wheat"
        }
    ],
    "result": {
        "item": "minecraft:knowledge_book",
        "count": 1
    }
}