{
    "type": "minecraft:crafting_shapeless",
    "ingredients": [
        {
            "tag": "minecraft:flowers"
        },
        {
            "tag": "minecraft:flowers"
        },
        {
            "tag": "minecraft:flowers"
        },
        {
            "tag": "minecraft:flowers"
        },
        {
            "tag": "minecraft:flowers"
        },
        {
            "tag": "minecraft:flowers"
        },
        {
            "item": "minecraft:water_bucket"
        },
        {
            "item": "minecraft:glass_bottle"
        }
    ],
    "result": {
        "item": "minecraft:knowledge_book",
        "count": 1
    }
}
