{
    "type": "minecraft:crafting_shapeless",
    "ingredients": [
        {
            "tag": "dnv.vegan_food:milk_producing_plants"
        },
        {
            "tag": "dnv.vegan_food:milk_producing_plants"
        },
        {
            "tag": "dnv.vegan_food:milk_producing_plants"
        },
        {
            "tag": "dnv.vegan_food:milk_producing_plants"
        },
        {
            "tag": "dnv.vegan_food:milk_producing_plants"
        },
        {
            "tag": "dnv.vegan_food:milk_producing_plants"
        },
        {
            "item": "minecraft:water_bucket"
        },
        {
            "item": "minecraft:bucket"
        }
    ],
    "result": {
        "item": "minecraft:knowledge_book",
        "count": 1
    }
}