{
    "criteria": {
        "construct_quarry": {
            "trigger": "minecraft:item_used_on_block",
            "conditions": {
                "item": {
                    "items": [
                        "minecraft:jigsaw"
                    ],
                    "nbt": "{tags:[\"vq_wrench\"]}"
                },
                "location": {
                    "block": {
                        "blocks": [
                            "minecraft:dropper"
                        ],
                        "nbt": "{Items:[{Slot:0b,id:\"minecraft:sticky_piston\"},{Slot:1b,id:\"minecraft:netherite_block\"},{Slot:2b,id:\"minecraft:sticky_piston\"},{Slot:3b,id:\"minecraft:redstone_block\"},{Slot:4b,id:\"minecraft:redstone_lamp\"},{Slot:5b,id:\"minecraft:redstone_block\"},{Slot:6b,id:\"minecraft:jigsaw\",tag:{tags:[9x9]}},{Slot:7b,id:\"minecraft:amethyst_shard\"},{Slot:8b,id:\"minecraft:jigsaw\",tag:{tags:[\"9x9\"]}}]}"
                    }
                }
            }
        }
    },
    "rewards": {
        "function": "quarry:crafting_results/11x11_upgrade"
    }
}
