{
    "criteria": {
        "construct_quarry": {
            "trigger": "minecraft:item_used_on_block",
            "conditions": {
                "item": {
                    "items": [
                        "minecraft:jigsaw"
                    ],
                    "nbt": "{tags:[\"vq_wrench\"]}"
                },
                "location": {
                    "block": {
                        "blocks": [
                            "minecraft:hopper"
                        ],
                        "nbt": "{Items:[{id:\"minecraft:observer\",Count:1b},{id:\"minecraft:oak_log\",Count:16b},{id:\"minecraft:cobblestone\",Count:32b},{id:\"minecraft:blast_furnace\",Count:1b},{id:\"minecraft:blaze_rod\",Count:64b}]}"
                    }
                }
            }
        }
    },
    "rewards": {
        "function": "quarry:build_quarry/check_quarry_space"
    }
}
