{
    "pools": [
        {
            "rolls": 1,
            "entries": [
                {
                    "type": "minecraft:item",
                    "name": "minecraft:jigsaw",
                    "functions": [
                        {
                            "function": "minecraft:set_count",
                            "count": 1
                        },
                        {
                            "function": "minecraft:set_nbt",
                            "tag": "{display:{Name:'{\"text\":\"Wrench\",\"color\":\"white\",\"italic\":false}',Lore:['{\"text\":\" \"}','{\"text\":\"You can use this tool\",\"color\":\"gray\",\"italic\":false}','{\"text\":\"to build a quarry or\",\"color\":\"gray\",\"italic\":false}','{\"text\":\"to craft quarry upgrades\",\"color\":\"gray\",\"italic\":false}']},CustomModelData:49999,tags:[\"vq_wrench\"]}"
                        }
                    ]
                }
            ]
        }
    ]
}
