{
	"type": "minecraft:barter",
	"pools": [
		{
			"rolls": 1.0,
			"bonus_rolls": 0.0,
			"entries": [
				{
					"type": "minecraft:item",
					"weight": 1,
					"name": "minecraft:saddle"
				},
				{
					"type": "minecraft:item",
					"weight": 1,
					"name": "minecraft:name_tag"
				},
				{
					"type": "minecraft:item",
					"weight": 1,
					"functions": [
						{
							"function": "minecraft:set_nbt",
							"tag": "{StoredEnchantments:[{id:\"minecraft:protection\",lvl:4s}]}"
						}
					],
					"name": "minecraft:enchanted_book"
				},
				{
					"type": "minecraft:item",
					"weight": 1,
					"functions": [
						{
							"function": "minecraft:set_nbt",
							"tag": "{StoredEnchantments:[{id:\"minecraft:fire_protection\",lvl:4s}]}"
						}
					],
					"name": "minecraft:enchanted_book"
				},
				{
					"type": "minecraft:item",
					"weight": 7,
					"name": "minecraft:blaze_rod"
				},
				{
					"type": "item",
					"weight": 7,
					"name": "minecraft:tipped_arrow",
					"functions": [
						{
							"function": "set_count",
							"count": {
								"min": 10.0,
								"max": 20.0,
								"type": "minecraft:uniform"
							}
						},
						{
							"function": "set_nbt",
							"tag": "{CustomPotionEffects:[{Id:20b,Amplifier:1b,Duration:50,ShowParticles:1b}],Potion:\"minecraft:water\"}"
						},
						{
							"function": "set_name",
							"name": [
								{
									"text": "Wither Arrow",
									"color": "gray"
								}
							]
						}
					]
				},
				{
					"type": "minecraft:item",
					"weight": 7,
					"functions": [
						{
							"function": "minecraft:set_nbt",
							"tag": "{Potion:\"minecraft:fire_resistance\"}"
						}
					],
					"name": "minecraft:potion"
				},
				{
					"type": "minecraft:item",
					"weight": 7,
					"functions": [
						{
							"function": "minecraft:enchant_randomly",
							"enchantments": [
								"minecraft:soul_speed"
							]
						}
					],
					"name": "minecraft:book"
				},
				{
					"name": "minecraft:ender_pearl",
					"type": "minecraft:item",
					"weight": 18
				},
				{
					"type": "minecraft:item",
					"weight": 18,
					"name": "minecraft:iron_ingot"
				},
				{
					"name": "minecraft:crying_obsidian",
					"type": "minecraft:item",
					"weight": 18,
					"functions": [
						{
							"function": "minecraft:set_count",
							"count": {
								"type": "minecraft:uniform",
								"min": 1.0,
								"max": 4.0
							}
						}
					]
				},
				{
					"name": "minecraft:glowstone",
					"type": "minecraft:item",
					"weight": 18,
					"functions": [
						{
							"function": "minecraft:set_count",
							"count": {
								"type": "minecraft:uniform",
								"min": 1.0,
								"max": 4.0
							}
						}
					]
				}
			]
		}
	]
}