{
    "type": "minecraft:crafting_shapeless",
    "ingredients": [
        {
            "tag": "dnv.recyclecraft:scrap_leather_4to1"
        },
        {
            "tag": "dnv.recyclecraft:scrap_leather_4to1"
        },
        {
            "tag": "dnv.recyclecraft:scrap_leather_4to1"
        },
        {
            "tag": "dnv.recyclecraft:scrap_leather_4to1"
        }
    ],
    "result": {
        "item": "minecraft:leather",
        "count": 1
    },
    "group": "dnv_recyclecraft_leather"
}