{
    "type": "minecraft:crafting_shaped",
    "pattern": [
        "###",
        "SES",
        "WWW"
    ],
    "key": {
        "#": {
            "item": "minecraft:milk_bucket"
        },
        "S": {
            "item": "minecraft:sugar"
        },
        "E": {
            "tag": "dnv.vegan_food:egg_baking_replacements"
        },
        "W": {
            "item": "minecraft:wheat"
        }
    },
    "result": {
        "item": "minecraft:cake",
        "count": 1
    },
    "group": "dnv.vegancraft.cake"
}